{
    "name": "trainingText",
    "identifier": "5AH3V8YBCG",
    "description": null,
    "slotTypeValues": [
      {
        "synonyms": null,
        "sampleValue": { "value": "To Sherlock Holmes she is always _the_ woman" }
      },
      {
        "synonyms": null,
        "sampleValue": { "value": "I had seen little of Holmes lately" }
      },
      {
        "synonyms": null,
        "sampleValue": { "value": "And in practice again I observe" }
      },
      {
        "synonyms": null,
        "sampleValue": {
          "value": "This account of you we have from all quarters received"
        }
      },
      {
        "synonyms": null,
        "sampleValue": { "value": "And the man who wrote the note is a German" }
      },
      {
        "synonyms": null,
        "sampleValue": {
          "value": "It is the German who is so uncourteous to his verbs"
        }
      },
      {
        "synonyms": null,
        "sampleValue": { "value": "I am lost without my Boswell" }
      },
      {
        "synonyms": null,
        "sampleValue": { "value": "And this promises to be interesting" }
      },
      {
        "synonyms": null,
        "sampleValue": { "value": "I may want your help and so may he" }
      },
      {
        "synonyms": null,
        "sampleValue": { "value": "Born in New Jersey in the year 1858" }
      },
      {
        "synonyms": null,
        "sampleValue": {
          "value": "Prima donna Imperial Opera of Warsaw\u2014yes"
        }
      },
      {
        "synonyms": null,
        "sampleValue": {
          "value": "Once we diverted her luggage when she travelled"
        }
      },
      {
        "synonyms": null,
        "sampleValue": {
          "value": "You may know the strict principles of her family"
        }
      },
      {
        "synonyms": null,
        "sampleValue": {
          "value": "You do not know her but she has a soul of steel"
        }
      },
      {
        "synonyms": null,
        "sampleValue": { "value": "Of her I could see nothing" }
      },
      {
        "synonyms": null,
        "sampleValue": {
          "value": "They were all three standing in a knot in front of the altar"
        }
      },
      {
        "synonyms": null,
        "sampleValue": { "value": "I have already arranged what is to occur" }
      },
      {
        "synonyms": null,
        "sampleValue": {
          "value": "There is only one point on which I must insist"
        }
      },
      {
        "synonyms": null,
        "sampleValue": {
          "value": "Too large for easy concealment about a woman\u2019s dress"
        }
      },
      {
        "synonyms": null,
        "sampleValue": { "value": "Why should she hand it over to anyone else" }
      },
      {
        "synonyms": null,
        "sampleValue": {
          "value": "It must be where she can lay her hands upon it"
        }
      },
      {
        "synonyms": null,
        "sampleValue": { "value": "But I hear the rumble of wheels" }
      },
      {
        "synonyms": null,
        "sampleValue": {
          "value": "A maid rushed across and threw open the window"
        }
      },
      {
        "synonyms": null,
        "sampleValue": { "value": "She was bound to have me in" }
      },
      {
        "synonyms": null,
        "sampleValue": { "value": "The alarm of fire was admirably done" }
      },
      {
        "synonyms": null,
        "sampleValue": { "value": "I wish she had been of my own station" }
      },
      {
        "synonyms": null,
        "sampleValue": { "value": "Sherlock Holmes I believe\u201d said she" }
      },
      {
        "synonyms": null,
        "sampleValue": {
          "value": "My mistress told me that you were likely to call"
        }
      },
      {
        "synonyms": null,
        "sampleValue": { "value": "I had been warned against you months ago" }
      },
      {
        "synonyms": null,
        "sampleValue": { "value": "And your address had been given me" }
      },
      {
        "synonyms": null,
        "sampleValue": {
          "value": "But you know I have been trained as an actress myself"
        }
      },
      {
        "synonyms": null,
        "sampleValue": { "value": "Male costume is nothing new to me" }
      },
      {
        "synonyms": null,
        "sampleValue": { "value": "I love and am loved by a better man than he" }
      },
      {
        "synonyms": null,
        "sampleValue": { "value": "Would she not have made an admirable queen" }
      },
      {
        "synonyms": null,
        "sampleValue": { "value": "I know that her word is inviolate" }
      },
      {
        "synonyms": null,
        "sampleValue": {
          "value": "Then there is no more to be done in the matter"
        }
      },
      {
        "synonyms": null,
        "sampleValue": {
          "value": "I did not gain very much however by my inspection"
        }
      },
      {
        "synonyms": null,
        "sampleValue": { "value": "This is what began it all" }
      },
      {
        "synonyms": null,
        "sampleValue": {
          "value": "If you leave you forfeit your whole position forever"
        }
      },
      {
        "synonyms": null,
        "sampleValue": { "value": "And no later than this morning" }
      },
      {
        "synonyms": null,
        "sampleValue": { "value": "I did not know what to do" }
      },
      {
        "synonyms": null,
        "sampleValue": { "value": "Then I asked him who Mr Duncan Ross was" }
      },
      {
        "synonyms": null,
        "sampleValue": { "value": "He did tell me the address" }
      },
      {
        "synonyms": null,
        "sampleValue": { "value": "But he could not help me in any way" }
      },
      {
        "synonyms": null,
        "sampleValue": { "value": "It is introspective and I want to introspect" }
      },
      {
        "synonyms": null,
        "sampleValue": { "value": "We know something of SaxeCoburg Square" }
      },
      {
        "synonyms": null,
        "sampleValue": {
          "value": "It is a hobby of mine to have an exact knowledge of London"
        }
      },
      {
        "synonyms": null,
        "sampleValue": {
          "value": "What was this nocturnal expedition and why should I go armed"
        }
      },
      {
        "synonyms": null,
        "sampleValue": { "value": "Where were we going and what were we to do" }
      },
      {
        "synonyms": null,
        "sampleValue": {
          "value": "Then when I flash a light upon them close in swiftly"
        }
      },
      {
        "synonyms": null,
        "sampleValue": {
          "value": "At first it was but a lurid spark upon the stone pavement"
        }
      },
      {
        "synonyms": null,
        "sampleValue": { "value": "Its disappearance however was but momentary" }
      },
      {
        "synonyms": null,
        "sampleValue": {
          "value": "You seem to have done the thing very completely"
        }
      },
      {
        "synonyms": null,
        "sampleValue": { "value": "That however was out of the question" }
      },
      {
        "synonyms": null,
        "sampleValue": { "value": "It must then be something out of the house" }
      },
      {
        "synonyms": null,
        "sampleValue": { "value": "I hardly looked at his face" }
      },
      {
        "synonyms": null,
        "sampleValue": {
          "value": "The only remaining point was what they were burrowing for"
        }
      },
      {
        "synonyms": null,
        "sampleValue": { "value": "Here is the first heading upon which I come" }
      },
      {
        "synonyms": null,
        "sampleValue": {
          "value": "They are important you understand without being interesting"
        }
      },
      {
        "synonyms": null,
        "sampleValue": {
          "value": "Perhaps I have trained myself to see what others overlook"
        }
      },
      {
        "synonyms": null,
        "sampleValue": {
          "value": "Oh Mr Holmes I wish you would do as much for me"
        }
      },
      {
        "synonyms": null,
        "sampleValue": {
          "value": "It is in New Zealand stock paying 4\u00bd per cent"
        }
      },
      {
        "synonyms": null,
        "sampleValue": { "value": "He never did wish us to go anywhere" }
      },
      {
        "synonyms": null,
        "sampleValue": { "value": "Very retiring and gentlemanly he was" }
      },
      {
        "synonyms": null,
        "sampleValue": { "value": "He was too good and kind to leave me so" }
      },
      {
        "synonyms": null,
        "sampleValue": { "value": "And yet what could have happened" }
      },
      {
        "synonyms": null,
        "sampleValue": { "value": "And why could he not write" }
      },
      {
        "synonyms": null,
        "sampleValue": {
          "value": "Angel\u2019s address you never had I understand"
        }
      },
      {
        "synonyms": null,
        "sampleValue": { "value": "You have made your statement very clearly" }
      },
      {
        "synonyms": null,
        "sampleValue": {
          "value": "I thought of the salt that I have been working upon"
        }
      },
      {
        "synonyms": null,
        "sampleValue": {
          "value": "It is a subject to which I have devoted some little attention"
        }
      },
      {
        "synonyms": null,
        "sampleValue": {
          "value": "But soon he found that that would not answer forever"
        }
      },
      {
        "synonyms": null,
        "sampleValue": {
          "value": "These pretended journeys to France were rather cumbrous"
        }
      },
      {
        "synonyms": null,
        "sampleValue": {
          "value": "Local aid is always either worthless or else biassed"
        }
      },
      {
        "synonyms": null,
        "sampleValue": { "value": "Singularity is almost invariably a clue" }
      },
      {
        "synonyms": null,
        "sampleValue": {
          "value": "From that appointment he never came back alive"
        }
      },
      {
        "synonyms": null,
        "sampleValue": { "value": "I know that James didn\u2019t do it" }
      },
      { "synonyms": null, "sampleValue": { "value": "I know that he is right" } },
      {
        "synonyms": null,
        "sampleValue": {
          "value": "Clearly such a blow must have been struck from behind"
        }
      },
      {
        "synonyms": null,
        "sampleValue": {
          "value": "Then there was the peculiar dying reference to a rat"
        }
      },
      {
        "synonyms": null,
        "sampleValue": { "value": "It was late before Sherlock Holmes returned" }
      },
      {
        "synonyms": null,
        "sampleValue": {
          "value": "I would call your attention very particularly to two points"
        }
      },
      {
        "synonyms": null,
        "sampleValue": {
          "value": "Those are the crucial points upon which the case depends"
        }
      },
      {
        "synonyms": null,
        "sampleValue": { "value": "In a hundred other ways he has helped him" }
      },
      {
        "synonyms": null,
        "sampleValue": { "value": "It had only lain there a few days" }
      },
      {
        "synonyms": null,
        "sampleValue": {
          "value": "There was no sign of a place whence it had been taken"
        }
      },
      {
        "synonyms": null,
        "sampleValue": {
          "value": "The other was his singular dying reference to a rat"
        }
      },
      {
        "synonyms": null,
        "sampleValue": { "value": "He put less weight upon it" }
      },
      {
        "synonyms": null,
        "sampleValue": {
          "value": "The man who entered was a strange and impressive figure"
        }
      },
      {
        "synonyms": null,
        "sampleValue": {
          "value": "You will sign it and Watson here can witness it"
        }
      },
      {
        "synonyms": null,
        "sampleValue": {
          "value": "God keep you out of the clutches of such a man as he"
        }
      },
      {
        "synonyms": null,
        "sampleValue": {
          "value": "I\u2019ll tell you first how I came to be in his power"
        }
      },
      {
        "synonyms": null,
        "sampleValue": { "value": "I braved him to do his worst" }
      },
      {
        "synonyms": null,
        "sampleValue": { "value": "I was already a dying and a desperate man" }
      },
      {
        "synonyms": null,
        "sampleValue": {
          "value": "What could be the reason of his overpowering terror"
        }
      },
      {
        "synonyms": null,
        "sampleValue": { "value": "I could see a change in my uncle however" }
      },
      {
        "synonyms": null,
        "sampleValue": { "value": "In that however I was in error" }
      },
      {
        "synonyms": null,
        "sampleValue": { "value": "Nothing but energy can save you" }
      },
      {
        "synonyms": null,
        "sampleValue": {
          "value": "I think myself that it is a page from some private diary"
        }
      },
      { "synonyms": null, "sampleValue": { "value": "It must be done at once" } },
      {
        "synonyms": null,
        "sampleValue": { "value": "And now let us consider another point" }
      },
      {
        "synonyms": null,
        "sampleValue": {
          "value": "Sherlock Holmes was already at breakfast when I came down"
        }
      },
      {
        "synonyms": null,
        "sampleValue": { "value": "On the inside of the flap he wrote \u201cS" }
      },
      {
        "synonyms": null,
        "sampleValue": {
          "value": "I had it from the stevedore who has been loading their cargo"
        }
      },
      {
        "synonyms": null,
        "sampleValue": { "value": "I want the doctor\u2019s advice and help too" }
      },
      {
        "synonyms": null,
        "sampleValue": { "value": "He has not been home for two days" }
      },
      {
        "synonyms": null,
        "sampleValue": {
          "value": "We soothed and comforted her by such words as we could find"
        }
      },
      {
        "synonyms": null,
        "sampleValue": { "value": "Did she know where her husband was" }
      },
      { "synonyms": null, "sampleValue": { "value": "But what was she to do" } },
      {
        "synonyms": null,
        "sampleValue": {
          "value": "There was the case and of course there was but one way out of it"
        }
      },
      {
        "synonyms": null,
        "sampleValue": { "value": "Might I not escort her to this place" }
      },
      {
        "synonyms": null,
        "sampleValue": {
          "value": "But there was no great difficulty in the first stage of my adventure"
        }
      },
      {
        "synonyms": null,
        "sampleValue": { "value": "I have not come to stay\u201d said I" }
      },
      {
        "synonyms": null,
        "sampleValue": {
          "value": "I wouldn\u2019t frighten Kate\u2014poor little Kate"
        }
      },
      {
        "synonyms": null,
        "sampleValue": { "value": "I took two steps forward and looked back" }
      },
      {
        "synonyms": null,
        "sampleValue": {
          "value": "He had turned his back so that none could see him but I"
        }
      },
      {
        "synonyms": null,
        "sampleValue": { "value": "You\u2019ll know all about it presently" }
      },
      {
        "synonyms": null,
        "sampleValue": { "value": "All right John; we shall not need you" }
      },
      {
        "synonyms": null,
        "sampleValue": {
          "value": "Out there fell a cascade of children\u2019s bricks"
        }
      },
      {
        "synonyms": null,
        "sampleValue": {
          "value": "The bedroom window was a broad one and opened from below"
        }
      },
      {
        "synonyms": null,
        "sampleValue": { "value": "There is not an instant to be lost" }
      },
      {
        "synonyms": null,
        "sampleValue": { "value": "Let us now see the letter" }
      },
      {
        "synonyms": null,
        "sampleValue": { "value": "As I dressed I glanced at my watch" }
      },
      {
        "synonyms": null,
        "sampleValue": { "value": "It was twentyfive minutes past four" }
      },
      {
        "synonyms": null,
        "sampleValue": {
          "value": "You are a funny one\u201d chuckled the inspector"
        }
      },
      {
        "synonyms": null,
        "sampleValue": { "value": "Only one man knew my secret" }
      },
      {
        "synonyms": null,
        "sampleValue": {
          "value": "My dear wife knew that I had business in the City"
        }
      },
      {
        "synonyms": null,
        "sampleValue": {
          "value": "Even a wife\u2019s eyes could not pierce so complete a disguise"
        }
      },
      {
        "synonyms": null,
        "sampleValue": {
          "value": "But if you are found again then all must come out"
        }
      },
      {
        "synonyms": null,
        "sampleValue": { "value": "No crime\u201d said Sherlock Holmes laughing" }
      },
      {
        "synonyms": null,
        "sampleValue": { "value": "And first as to how it came here" }
      },
      {
        "synonyms": null,
        "sampleValue": { "value": "B\u201d were scrawled upon one side" }
      },
      {
        "synonyms": null,
        "sampleValue": { "value": "It is a hat of the very best quality" }
      },
      {
        "synonyms": null,
        "sampleValue": { "value": "Sherlock Holmes sat up with a whistle" }
      },
      {
        "synonyms": null,
        "sampleValue": { "value": "Of course it is a nucleus and focus of crime" }
      },
      {
        "synonyms": null,
        "sampleValue": { "value": "They are the devil\u2019s pet baits" }
      },
      {
        "synonyms": null,
        "sampleValue": { "value": "There is a woodcock I believe" }
      },
      {
        "synonyms": null,
        "sampleValue": { "value": "Let us follow it out to the bitter end" }
      },
      {
        "synonyms": null,
        "sampleValue": { "value": "It\u2019s a cold night\u201d said Holmes" }
      },
      {
        "synonyms": null,
        "sampleValue": {
          "value": "The salesman nodded and shot a questioning glance at my companion"
        }
      },
      {
        "synonyms": null,
        "sampleValue": {
          "value": "You\u2019d be as warm maybe if you were as pestered as I am"
        }
      },
      {
        "synonyms": null,
        "sampleValue": { "value": "Now look at that third name" }
      },
      {
        "synonyms": null,
        "sampleValue": {
          "value": "Oakshott 117 Brixton Road\u2014249\u201d read Holmes"
        }
      },
      {
        "synonyms": null,
        "sampleValue": {
          "value": "this may save us a visit to Brixton Road\u201d whispered Holmes"
        }
      },
      {
        "synonyms": null,
        "sampleValue": {
          "value": "What do you want\u201d he asked in a quavering voice"
        }
      },
      {
        "synonyms": null,
        "sampleValue": { "value": "Head attendant at the Hotel Cosmopolitan" }
      },
      {
        "synonyms": null,
        "sampleValue": { "value": "Give him an arm back into his chair Watson" }
      },
      {
        "synonyms": null,
        "sampleValue": { "value": "Now he looks a little more human" }
      },
      {
        "synonyms": null,
        "sampleValue": { "value": "I\u2019ll swear it on a Bible" }
      },
      {
        "synonyms": null,
        "sampleValue": { "value": "Oh don\u2019t bring it into court" }
      },
      {
        "synonyms": null,
        "sampleValue": { "value": "I will leave the country sir" }
      },
      {
        "synonyms": null,
        "sampleValue": { "value": "But how to get to him in safety" }
      },
      {
        "synonyms": null,
        "sampleValue": { "value": "It\u2019s the big white one over yonder" }
      },
      {
        "synonyms": null,
        "sampleValue": {
          "value": "I\u2019ll have the other and I\u2019ll take it now\u2019 said I"
        }
      },
      {
        "synonyms": null,
        "sampleValue": { "value": "There was not a bird to be seen there" }
      },
      {
        "synonyms": null,
        "sampleValue": { "value": "My sister thinks that I am going mad" }
      },
      {
        "synonyms": null,
        "sampleValue": { "value": "Then my friend rose and threw open the door" }
      },
      {
        "synonyms": null,
        "sampleValue": {
          "value": "This fellow will not go wrong again; he is too terribly frightened"
        }
      },
      {
        "synonyms": null,
        "sampleValue": {
          "value": "Send him to gaol now and you make him a gaolbird for life"
        }
      },
      {
        "synonyms": null,
        "sampleValue": { "value": "I think it was before your time Watson" }
      },
      {
        "synonyms": null,
        "sampleValue": { "value": "I knew that it was my sister\u2019s voice" }
      },
      {
        "synonyms": null,
        "sampleValue": {
          "value": "The lady coloured deeply and covered over her injured wrist"
        }
      },
      {
        "synonyms": null,
        "sampleValue": { "value": "Yet we have not a moment to lose" }
      },
      {
        "synonyms": null,
        "sampleValue": { "value": "I know that Miss Stoner has been here" }
      },
      {
        "synonyms": null,
        "sampleValue": {
          "value": "Finally he took the bellrope in his hand and gave it a brisk tug"
        }
      },
      {
        "synonyms": null,
        "sampleValue": { "value": "He has nerve and he has knowledge" }
      },
      {
        "synonyms": null,
        "sampleValue": {
          "value": "By it he laid the box of matches and the stump of a candle"
        }
      },
      {
        "synonyms": null,
        "sampleValue": {
          "value": "Then he turned down the lamp and we were left in darkness"
        }
      },
      {
        "synonyms": null,
        "sampleValue": { "value": "How shall I ever forget that dreadful vigil" }
      },
      {
        "synonyms": null,
        "sampleValue": {
          "value": "Twice he struck at the chamber door without any reply from within"
        }
      },
      {
        "synonyms": null,
        "sampleValue": { "value": "It was a singular sight which met our eyes" }
      },
      {
        "synonyms": null,
        "sampleValue": {
          "value": "As we entered he made neither sound nor motion"
        }
      },
      {
        "synonyms": null,
        "sampleValue": { "value": "Then I thought of the whistle" }
      },
      {
        "synonyms": null,
        "sampleValue": { "value": "There he is all safe and sound" }
      },
      {
        "synonyms": null,
        "sampleValue": {
          "value": "I entered my consultingroom and found a gentleman seated by the table"
        }
      },
      {
        "synonyms": null,
        "sampleValue": {
          "value": "It had been hacked or torn right out from the roots"
        }
      },
      {
        "synonyms": null,
        "sampleValue": {
          "value": "Between your brandy and your bandage I feel a new man"
        }
      },
      {
        "synonyms": null,
        "sampleValue": { "value": "To me it has been exceptionally so" }
      },
      {
        "synonyms": null,
        "sampleValue": {
          "value": "I do not think that I have ever seen so thin a man"
        }
      },
      {
        "synonyms": null,
        "sampleValue": {
          "value": "Hatherley\u2019 said he with something of a German accent"
        }
      },
      {
        "synonyms": null,
        "sampleValue": { "value": "But that is a mere detail" }
      },
      {
        "synonyms": null,
        "sampleValue": { "value": "I am sorry to have interrupted you" }
      },
      {
        "synonyms": null,
        "sampleValue": { "value": "Was it all to go for nothing" }
      },
      {
        "synonyms": null,
        "sampleValue": { "value": "This is only where we compress it" }
      },
      {
        "synonyms": null,
        "sampleValue": { "value": "He had set the engine at work" }
      },
      {
        "synonyms": null,
        "sampleValue": { "value": "They will see that you are not there" }
      },
      {
        "synonyms": null,
        "sampleValue": { "value": "You said it should not be again" }
      },
      {
        "synonyms": null,
        "sampleValue": {
          "value": "There would be one to Reading in less than an hour"
        }
      },
      {
        "synonyms": null,
        "sampleValue": { "value": "Was there a policestation anywhere near" }
      },
      {
        "synonyms": null,
        "sampleValue": { "value": "Come now we shall see who agrees with you" }
      },
      {
        "synonyms": null,
        "sampleValue": { "value": "We have boxed the compass among us" }
      },
      {
        "synonyms": null,
        "sampleValue": { "value": "This is my friend and colleague Dr Watson" }
      },
      {
        "synonyms": null,
        "sampleValue": { "value": "I have been cut to the quick" }
      },
      {
        "synonyms": null,
        "sampleValue": { "value": "He had nothing a few years ago" }
      },
      {
        "synonyms": null,
        "sampleValue": {
          "value": "She is impetuous\u2014volcanic I was about to say"
        }
      },
      {
        "synonyms": null,
        "sampleValue": { "value": "Holmes gazed long and earnestly at it" }
      },
      {
        "synonyms": null,
        "sampleValue": {
          "value": "You say that there was a gentleman in the pew"
        }
      },
      {
        "synonyms": null,
        "sampleValue": {
          "value": "She was very independent in little matters like that"
        }
      },
      {
        "synonyms": null,
        "sampleValue": { "value": "She used to be at the Allegro" }
      },
      {
        "synonyms": null,
        "sampleValue": {
          "value": "Then I do not think that I need to detain you longer"
        }
      },
      {
        "synonyms": null,
        "sampleValue": { "value": "It is this infernal St Simon marriage case" }
      },
      {
        "synonyms": null,
        "sampleValue": {
          "value": "They were found floating near the margin by a parkkeeper"
        }
      },
      {
        "synonyms": null,
        "sampleValue": {
          "value": "You have made two blunders in as many minutes"
        }
      },
      {
        "synonyms": null,
        "sampleValue": { "value": "In the pocket is a cardcase" }
      },
      {
        "synonyms": null,
        "sampleValue": { "value": "I looked at it before\u201d said Lestrade" }
      },
      {
        "synonyms": null,
        "sampleValue": { "value": "It is most important all the same" }
      },
      {
        "synonyms": null,
        "sampleValue": {
          "value": "Just before nine o\u2019clock Sherlock Holmes stepped briskly into the room"
        }
      },
      {
        "synonyms": null,
        "sampleValue": {
          "value": "I fainted dead away and I was very sick for months after"
        }
      },
      {
        "synonyms": null,
        "sampleValue": {
          "value": "We can\u2019t command our love but we can our actions"
        }
      },
      {
        "synonyms": null,
        "sampleValue": { "value": "I didn\u2019t know what to do" }
      },
      {
        "synonyms": null,
        "sampleValue": { "value": "It might be a lover; it might be a husband" }
      },
      {
        "synonyms": null,
        "sampleValue": { "value": "Besides it is not I alone" }
      },
      {
        "synonyms": null,
        "sampleValue": { "value": "I have no doubt that I am myself to blame" }
      },
      {
        "synonyms": null,
        "sampleValue": { "value": "I have never denied him a wish" }
      },
      {
        "synonyms": null,
        "sampleValue": { "value": "I do not know what I could do without her" }
      },
      {
        "synonyms": null,
        "sampleValue": { "value": "it is too late\u2014forever too late" }
      },
      {
        "synonyms": null,
        "sampleValue": { "value": "I snatched it up and examined it" }
      },
      {
        "synonyms": null,
        "sampleValue": { "value": "There cannot be any missing\u2019 said he" }
      },
      {
        "synonyms": null,
        "sampleValue": { "value": "And you know where they are" }
      },
      {
        "synonyms": null,
        "sampleValue": { "value": "There was but one way for it" }
      },
      {
        "synonyms": null,
        "sampleValue": {
          "value": "You may go to any expense which you think necessary"
        }
      },
      { "synonyms": null, "sampleValue": { "value": "My God what shall I do" } },
      {
        "synonyms": null,
        "sampleValue": {
          "value": "Sir George Burnwell has been several times lately"
        }
      },
      { "synonyms": null, "sampleValue": { "value": "Mary and I stay at home" } },
      {
        "synonyms": null,
        "sampleValue": { "value": "Besides she is not so very young" }
      },
      {
        "synonyms": null,
        "sampleValue": {
          "value": "You are doing what you can for him and for me"
        }
      },
      {
        "synonyms": null,
        "sampleValue": { "value": "What was he doing there at all" }
      },
      {
        "synonyms": null,
        "sampleValue": {
          "value": "And if it were guilty why did he not invent a lie"
        }
      },
      {
        "synonyms": null,
        "sampleValue": {
          "value": "Her lips too were bloodless but her eyes were flushed with crying"
        }
      },
      {
        "synonyms": null,
        "sampleValue": { "value": "Let the matter drop and say no more" }
      },
      {
        "synonyms": null,
        "sampleValue": { "value": "He wished us to leave him alone" }
      },
      {
        "synonyms": null,
        "sampleValue": { "value": "We must come back to that" }
      },
      {
        "synonyms": null,
        "sampleValue": {
          "value": "he is the greengrocer who brings our vegetables round"
        }
      },
      {
        "synonyms": null,
        "sampleValue": { "value": "This case I presume contains the coronet" }
      },
      {
        "synonyms": null,
        "sampleValue": { "value": "An ordinary man could not do it" }
      },
      {
        "synonyms": null,
        "sampleValue": {
          "value": "I shall look into the matter between this and then"
        }
      },
      {
        "synonyms": null,
        "sampleValue": {
          "value": "Now I am left to a lonely and dishonoured age"
        }
      },
      {
        "synonyms": null,
        "sampleValue": { "value": "It is perhaps the best possible solution" }
      },
      {
        "synonyms": null,
        "sampleValue": { "value": "Three thousand will cover the matter" }
      },
      {
        "synonyms": null,
        "sampleValue": {
          "value": "With a shriek of joy our client clutched it up"
        }
      },
      {
        "synonyms": null,
        "sampleValue": { "value": "Your niece knew nothing of such men" }
      },
      {
        "synonyms": null,
        "sampleValue": { "value": "She told him of the coronet" }
      },
      {
        "synonyms": null,
        "sampleValue": { "value": "what a blind fool I have been" }
      },
      {
        "synonyms": null,
        "sampleValue": { "value": "But among them was Sir George Burnwell" }
      },
      {
        "synonyms": null,
        "sampleValue": { "value": "At first of course he denied everything" }
      },
      {
        "synonyms": null,
        "sampleValue": { "value": "Then he became a little more reasonable" }
      },
      {
        "synonyms": null,
        "sampleValue": { "value": "There it is in a nutshell" }
      },
      {
        "synonyms": null,
        "sampleValue": {
          "value": "Very few governesses in England are getting \u00a3 100 a year"
        }
      },
      {
        "synonyms": null,
        "sampleValue": { "value": "Besides what use was my hair to me" }
      },
      {
        "synonyms": null,
        "sampleValue": { "value": "They are not very exacting after all" }
      },
      {
        "synonyms": null,
        "sampleValue": { "value": "The summons was a brief and urgent one" }
      },
      {
        "synonyms": null,
        "sampleValue": { "value": "I am at my wit\u2019s end" }
      },
      {
        "synonyms": null,
        "sampleValue": { "value": "But Holmes shook his head gravely" }
      },
      {
        "synonyms": null,
        "sampleValue": {
          "value": "She impressed me neither favourably nor the reverse"
        }
      },
      {
        "synonyms": null,
        "sampleValue": {
          "value": "And yet she had some secret sorrow this woman"
        }
      },
      {
        "synonyms": null,
        "sampleValue": { "value": "There are only two a man and his wife" }
      },
      {
        "synonyms": null,
        "sampleValue": { "value": "I confess that I was disappointed" }
      },
      {
        "synonyms": null,
        "sampleValue": { "value": "At least that was my first impression" }
      },
      {
        "synonyms": null,
        "sampleValue": {
          "value": "How could my hair have been locked in the drawer"
        }
      },
      {
        "synonyms": null,
        "sampleValue": {
          "value": "what an observant young lady we have come upon"
        }
      },
      {
        "synonyms": null,
        "sampleValue": {
          "value": "I read suspicion there and annoyance but no jest"
        }
      },
      {
        "synonyms": null,
        "sampleValue": {
          "value": "I have no doubt at all that he had left it there"
        }
      },
      {
        "synonyms": null,
        "sampleValue": {
          "value": "I could not live there longer without some advice"
        }
      },
      {
        "synonyms": null,
        "sampleValue": { "value": "They were all horrible to me" }
      },
      { "synonyms": null, "sampleValue": { "value": "I would send you a wire" } },
      {
        "synonyms": null,
        "sampleValue": {
          "value": "There only remains Mrs Toller who might give the alarm"
        }
      },
      {
        "synonyms": null,
        "sampleValue": {
          "value": "We shall then look thoroughly into the affair"
        }
      },
      {
        "synonyms": null,
        "sampleValue": {
          "value": "A loud thudding noise came from somewhere downstairs"
        }
      },
      {
        "synonyms": null,
        "sampleValue": {
          "value": "Holmes cut the cord and removed the transverse bar"
        }
      },
      {
        "synonyms": null,
        "sampleValue": { "value": "Together we rushed into the room" }
      },
      {
        "synonyms": null,
        "sampleValue": { "value": "I have caught you have I" }
      },
      {
        "synonyms": null,
        "sampleValue": { "value": "US laws alone swamp our small staff" }
      }
    ],
    "parentSlotTypeSignature": null,
    "valueSelectionSetting": {
      "resolutionStrategy": "ORIGINAL_VALUE",
      "regexFilter": null
    }
  }
  