{"name":"desiredLanguage","identifier":"ZIVOSZ1I5J","description":null,"slotTypeValues":[{"synonyms":null,"sampleValue":{"value":"spanish"}},{"synonyms":null,"sampleValue":{"value":"english"}},{"synonyms":null,"sampleValue":{"value":"arabic"}},{"synonyms":null,"sampleValue":{"value":"simplified chinese"}},{"synonyms":null,"sampleValue":{"value":"traditional chinese"}},{"synonyms":null,"sampleValue":{"value":"czech"}},{"synonyms":null,"sampleValue":{"value":"french"}},{"synonyms":null,"sampleValue":{"value":"german"}},{"synonyms":null,"sampleValue":{"value":"japanese"}},{"synonyms":null,"sampleValue":{"value":"korean"}},{"synonyms":null,"sampleValue":{"value":"portugese"}},{"synonyms":null,"sampleValue":{"value":"russian"}},{"synonyms":null,"sampleValue":{"value":"turkish"}},{"synonyms":null,"sampleValue":{"value":"czech"}},{"synonyms":null,"sampleValue":{"value":"traditional chinese"}}],"parentSlotTypeSignature":null,"valueSelectionSetting":{"resolutionStrategy":"ORIGINAL_VALUE","regexFilter":null}}